GivenName,Surname,Name,SamAccountName,Company,Title,Department,telephoneNumber
Andy,Renton,Andy Renton,renton,Trivadis LAB,Clerk,Operations,
Ben,King,Ben King,king,Trivadis LAB,President,Senior Management,
Douglas,Adams,Douglas Adams,adams,Trivadis LAB,Clerk,Research,
Ernst,Blofeld,Ernst Blofeld,blofeld,Trivadis LAB,Manager,Research,
Eugen,Tanner,Eugen Tanner,tanner,Trivadis LAB,Administrator,Information Technology,
Eve,Moneypenny,Eve Moneypenny,moneypenny,Trivadis LAB,Manager,Sales,
Felix,Leitner,Felix Leitner,leitner,Trivadis LAB,Manager,Operations,
Ford,Prefect,Ford Prefect,prefect,Trivadis LAB,Analyst,Research,
Honey,Rider,Honey Rider,rider,Trivadis LAB,Manager,Human Resources,
Ian,Fleming,Ian Fleming,fleming,Trivadis LAB,Manager,Information Technology,
James,Scott,James Scott,scott,Trivadis LAB,Engineer,Research,
James,Bond,James Bond,bond,Trivadis LAB,Agent,Operations,
Jason,Walters,Jason Walters,walters,Trivadis LAB,Agent,Operations,
Jim,Clark,Jim Clark,clark,Trivadis LAB,Manager,Accounting,
John,Miller,John Miller,miller,Trivadis LAB,Clerk,Accounting,
John,Gartner,John Gartner,gartner,Trivadis LAB,Administrator,Information Technology,
Monica,Blake,Monica Blake,blake,Trivadis LAB,Salesman,Sales,
Paul,Smith,Paul Smith,smith,Trivadis LAB,Engineer,Research,
Paul,Ward,Paul Ward,ward,Trivadis LAB,Salesman,Sales,
Arthur,Dent,Arthur Dent,dent,Trivadis LAB,Salesman,Sales,
Vesper,Lynd,Vesper Lynd,lynd,Trivadis LAB,Clerk,Human Resources,